YdsToGo,Yds to Go Range,Yds to Go Range Sort
1,1-3 Yds to Go,1
2,1-3 Yds to Go,1
3,1-3 Yds to Go,1
4,4-6 Yds to Go,2
5,4-6 Yds to Go,2
6,4-6 Yds to Go,2
7,7-9 Yds to Go,3
8,7-9 Yds to Go,3
9,7-9 Yds to Go,3
10,10-14 Yds to Go,4
11,10-14 Yds to Go,4
12,10-14 Yds to Go,4
13,10-14 Yds to Go,4
14,10-14 Yds to Go,4
15,15+ Yds to Go,5
16,15+ Yds to Go,5
17,15+ Yds to Go,5
18,15+ Yds to Go,5
19,15+ Yds to Go,5
20,15+ Yds to Go,5
21,15+ Yds to Go,5
22,15+ Yds to Go,5
23,15+ Yds to Go,5
24,15+ Yds to Go,5
25,15+ Yds to Go,5
26,15+ Yds to Go,5
27,15+ Yds to Go,5
28,15+ Yds to Go,5
29,15+ Yds to Go,5
30,15+ Yds to Go,5
31,15+ Yds to Go,5
32,15+ Yds to Go,5
33,15+ Yds to Go,5
34,15+ Yds to Go,5
35,15+ Yds to Go,5
36,15+ Yds to Go,5
37,15+ Yds to Go,5
38,15+ Yds to Go,5
39,15+ Yds to Go,5
40,15+ Yds to Go,5
41,15+ Yds to Go,5
42,15+ Yds to Go,5
43,15+ Yds to Go,5
44,15+ Yds to Go,5
45,15+ Yds to Go,5
46,15+ Yds to Go,5
47,15+ Yds to Go,5
48,15+ Yds to Go,5
49,15+ Yds to Go,5
50,15+ Yds to Go,5
51,15+ Yds to Go,5
52,15+ Yds to Go,5
53,15+ Yds to Go,5
54,15+ Yds to Go,5
55,15+ Yds to Go,5
56,15+ Yds to Go,5
57,15+ Yds to Go,5
58,15+ Yds to Go,5
59,15+ Yds to Go,5
60,15+ Yds to Go,5
61,15+ Yds to Go,5
62,15+ Yds to Go,5
63,15+ Yds to Go,5
64,15+ Yds to Go,5
65,15+ Yds to Go,5
66,15+ Yds to Go,5
67,15+ Yds to Go,5
68,15+ Yds to Go,5
69,15+ Yds to Go,5
70,15+ Yds to Go,5
71,15+ Yds to Go,5
72,15+ Yds to Go,5
73,15+ Yds to Go,5
74,15+ Yds to Go,5
75,15+ Yds to Go,5
76,15+ Yds to Go,5
77,15+ Yds to Go,5
78,15+ Yds to Go,5
79,15+ Yds to Go,5
80,15+ Yds to Go,5
81,15+ Yds to Go,5
82,15+ Yds to Go,5
83,15+ Yds to Go,5
84,15+ Yds to Go,5
85,15+ Yds to Go,5
86,15+ Yds to Go,5
87,15+ Yds to Go,5
88,15+ Yds to Go,5
89,15+ Yds to Go,5
90,15+ Yds to Go,5
91,15+ Yds to Go,5
92,15+ Yds to Go,5
93,15+ Yds to Go,5
94,15+ Yds to Go,5
95,15+ Yds to Go,5
96,15+ Yds to Go,5
97,15+ Yds to Go,5
98,15+ Yds to Go,5
99,15+ Yds to Go,5
100,15+ Yds to Go,5
